"HITId","HITTypeId","Title","Description","Keywords","Reward","CreationTime","MaxAssignments","RequesterAnnotation","AssignmentDurationInSeconds","AutoApprovalDelayInSeconds","Expiration","NumberOfSimilarHITs","LifetimeInSeconds","AssignmentId","WorkerId","AssignmentStatus","AcceptTime","SubmitTime","AutoApprovalTime","ApprovalTime","RejectionTime","RequesterFeedback","WorkTimeInSeconds","Input.userid","Input.key","Answer.comment","Answer.verification","Approve","Reject"
"1K9Y0VK6RWR0P56FKG08OHSTOF8C0E","1JCENVJAZAXHIBT82LZYRWB7EPYT11","Tag documents","Given a document, choose one of its words to use as its tag, then assign the tag to a tag cluster.","easy, fast, documents, tags, clusters, words","$0.25","Tue Mar 02 09:19:05 GMT 2010","1","","3600","604800","Tue Mar 09 09:19:05 GMT 2010","23","","1QMLFDXJ81FFNCA5P9PNOBYF6R0SEK","A1KTJI6URSAQLA","Submitted","Tue Mar 02 11:29:30 GMT 2010","Tue Mar 02 11:31:31 GMT 2010","Tue Mar 09 11:31:31 GMT 2010","","","","121","21206","61697","","61697"
"1RU9K2GDB26UXF07G6HO3GNIZ5SM4M","1JCENVJAZAXHIBT82LZYRWB7EPYT11","Tag documents","Given a document, choose one of its words to use as its tag, then assign the tag to a tag cluster.","easy, fast, documents, tags, clusters, words","$0.25","Tue Mar 02 09:19:05 GMT 2010","1","","3600","604800","Tue Mar 09 09:19:05 GMT 2010","53","","191RNNKW40AKE3IGZF7U63YD4KNWHI","AND9W51FV95KY","Submitted","Tue Mar 02 10:47:07 GMT 2010","Tue Mar 02 10:49:02 GMT 2010","Tue Mar 09 10:49:02 GMT 2010","","","","115","64406","44806","","44806"
"1TK6DQULT66V2BAXMYFK7JE1PBU9GX","1JCENVJAZAXHIBT82LZYRWB7EPYT11","Tag documents","Given a document, choose one of its words to use as its tag, then assign the tag to a tag cluster.","easy, fast, documents, tags, clusters, words","$0.25","Tue Mar 02 09:19:05 GMT 2010","1","","3600","604800","Tue Mar 09 09:19:05 GMT 2010","43","","1MB01B8GN9SZGVL9SNZN96UXKODCE9","AND9W51FV95KY","Submitted","Tue Mar 02 10:57:26 GMT 2010","Tue Mar 02 10:58:53 GMT 2010","Tue Mar 09 10:58:53 GMT 2010","","","","87","23266","33924","","33924"
"1YDWA58WM7WBXDWKOL09VH6BNPHJRY","1JCENVJAZAXHIBT82LZYRWB7EPYT11","Tag documents","Given a document, choose one of its words to use as its tag, then assign the tag to a tag cluster.","easy, fast, documents, tags, clusters, words","$0.25","Tue Mar 02 09:19:05 GMT 2010","1","","3600","604800","Tue Mar 09 09:19:05 GMT 2010","33","","1MKTMY3B7I1WPNWRKZEXOFM16M2VSS","A1KTJI6URSAQLA","Submitted","Tue Mar 02 11:13:15 GMT 2010","Tue Mar 02 11:15:49 GMT 2010","Tue Mar 09 11:15:49 GMT 2010","","","","154","41143","76573","","76573"
"1HZFLEQXHQ7XFM2FT8RILFKHG5B3OX","1JCENVJAZAXHIBT82LZYRWB7EPYT11","Tag documents","Given a document, choose one of its words to use as its tag, then assign the tag to a tag cluster.","easy, fast, documents, tags, clusters, words","$0.25","Tue Mar 02 09:19:05 GMT 2010","1","","3600","604800","Tue Mar 09 09:19:05 GMT 2010","3","","1USCOUQXU6VZWVFM7DN6TZAC5GNUNS","A1KTJI6URSAQLA","Submitted","Tue Mar 02 11:59:10 GMT 2010","Tue Mar 02 12:00:56 GMT 2010","Tue Mar 09 12:00:56 GMT 2010","","","","106","92462","90252","","90252"
"118W6BW1KB3PMN8HRJ3EYNDSQXPQON","1JCENVJAZAXHIBT82LZYRWB7EPYT11","Tag documents","Given a document, choose one of its words to use as its tag, then assign the tag to a tag cluster.","easy, fast, documents, tags, clusters, words","$0.25","Tue Mar 02 09:19:05 GMT 2010","1","","3600","604800","Tue Mar 09 09:19:05 GMT 2010","63","","1ZO1IXAVW3ZWQEINXS2FRFFO3AI7KV","A1KTJI6URSAQLA","Submitted","Tue Mar 02 10:30:50 GMT 2010","Tue Mar 02 10:33:29 GMT 2010","Tue Mar 09 10:33:29 GMT 2010","","","","159","52427","17029","","17029"
"1LRF92G6X2ATQZI5FR85K8J4RT7VZO","1JCENVJAZAXHIBT82LZYRWB7EPYT11","Tag documents","Given a document, choose one of its words to use as its tag, then assign the tag to a tag cluster.","easy, fast, documents, tags, clusters, words","$0.25","Tue Mar 02 09:19:06 GMT 2010","1","","3600","604800","Tue Mar 09 09:19:06 GMT 2010","10","","1YC5UP7JH3GILZUSKCJ1HSTMTRZC91","A1KTJI6URSAQLA","Submitted","Tue Mar 02 11:51:50 GMT 2010","Tue Mar 02 11:53:43 GMT 2010","Tue Mar 09 11:53:43 GMT 2010","","","","113","61982","21550","","21550"
"1Y9RLPEE4SWNYSWX3A0ELRB79R0JSM","1JCENVJAZAXHIBT82LZYRWB7EPYT11","Tag documents","Given a document, choose one of its words to use as its tag, then assign the tag to a tag cluster.","easy, fast, documents, tags, clusters, words","$0.25","Tue Mar 02 09:19:06 GMT 2010","1","","3600","604800","Tue Mar 09 09:19:06 GMT 2010","54","","1NTX35OT05LGRDERN8YPPK9LW86GNC","AND9W51FV95KY","Submitted","Tue Mar 02 10:43:30 GMT 2010","Tue Mar 02 10:44:42 GMT 2010","Tue Mar 09 10:44:42 GMT 2010","","","","72","27857","70847","","70847"
"16U6SUX5ZDEG6TUR381AUMOOT9J5TB","1JCENVJAZAXHIBT82LZYRWB7EPYT11","Tag documents","Given a document, choose one of its words to use as its tag, then assign the tag to a tag cluster.","easy, fast, documents, tags, clusters, words","$0.25","Tue Mar 02 09:19:06 GMT 2010","1","","3600","604800","Tue Mar 09 09:19:06 GMT 2010","30","","10SONXJ5X6T9VK9TDXY6SV9LP88OXS","A1KTJI6URSAQLA","Submitted","Tue Mar 02 11:20:00 GMT 2010","Tue Mar 02 11:22:51 GMT 2010","Tue Mar 09 11:22:51 GMT 2010","","","","171","34557","65842","","65842"
"1MCFJFPCNVNG6QT3EN3SYMOF0VIEBV","1JCENVJAZAXHIBT82LZYRWB7EPYT11","Tag documents","Given a document, choose one of its words to use as its tag, then assign the tag to a tag cluster.","easy, fast, documents, tags, clusters, words","$0.25","Tue Mar 02 09:19:06 GMT 2010","1","","3600","604800","Tue Mar 09 09:19:06 GMT 2010","54","","1MTPCGGYPWS0CZUVL08MFAPMT0Q3RF","AND9W51FV95KY","Submitted","Tue Mar 02 10:41:17 GMT 2010","Tue Mar 02 10:42:26 GMT 2010","Tue Mar 09 10:42:26 GMT 2010","","","","69","48850","10640","","10640"
"1JVIPNCPTIY0WURXGZ482MB3T7EC1H","1JCENVJAZAXHIBT82LZYRWB7EPYT11","Tag documents","Given a document, choose one of its words to use as its tag, then assign the tag to a tag cluster.","easy, fast, documents, tags, clusters, words","$0.25","Tue Mar 02 09:19:06 GMT 2010","1","","3600","604800","Tue Mar 09 09:19:06 GMT 2010","62","","120SVHKU0HLNSWYPWPUMMAPQ9N82SO","A99OHHH4MZZKO","Submitted","Tue Mar 02 10:06:38 GMT 2010","Tue Mar 02 10:40:06 GMT 2010","Tue Mar 09 10:40:06 GMT 2010","","","","2008","53541","69981","","69981"
"1JMSMONDIRRCTY47UB0Y88TWZ1NM5R","1JCENVJAZAXHIBT82LZYRWB7EPYT11","Tag documents","Given a document, choose one of its words to use as its tag, then assign the tag to a tag cluster.","easy, fast, documents, tags, clusters, words","$0.25","Tue Mar 02 09:19:06 GMT 2010","1","","3600","604800","Tue Mar 09 09:19:06 GMT 2010","43","","1KMC2G1UMCMT4EQD16RCTK2JJDN7EC","A1KTJI6URSAQLA","Submitted","Tue Mar 02 10:55:52 GMT 2010","Tue Mar 02 10:57:58 GMT 2010","Tue Mar 09 10:57:58 GMT 2010","","","","126","36695","33670","","33670"
"1CO6RVDVYYC9275864X2SJQ24B79HW","1JCENVJAZAXHIBT82LZYRWB7EPYT11","Tag documents","Given a document, choose one of its words to use as its tag, then assign the tag to a tag cluster.","easy, fast, documents, tags, clusters, words","$0.25","Tue Mar 02 09:19:06 GMT 2010","1","","3600","604800","Tue Mar 09 09:19:06 GMT 2010","23","","1CCYEZ965CECSX195PFAMQEQ0VSXRA","A1KTJI6URSAQLA","Submitted","Tue Mar 02 11:34:09 GMT 2010","Tue Mar 02 11:35:51 GMT 2010","Tue Mar 09 11:35:51 GMT 2010","","","","102","87873","97156","","97156"
"15F7HFVRFPY7LF9TZ34M75L8LDSC2Y","1JCENVJAZAXHIBT82LZYRWB7EPYT11","Tag documents","Given a document, choose one of its words to use as its tag, then assign the tag to a tag cluster.","easy, fast, documents, tags, clusters, words","$0.25","Tue Mar 02 09:19:06 GMT 2010","1","","3600","604800","Tue Mar 09 09:19:06 GMT 2010","81","","1BTK2HSXNETI3HWL9QXU2FCD9GUHF0","A99OHHH4MZZKO","Submitted","Tue Mar 02 09:27:23 GMT 2010","Tue Mar 02 10:06:31 GMT 2010","Tue Mar 09 10:06:31 GMT 2010","","","","2348","78990","73861","","73861"
"1RVZX1QI8RNR6DHV68E9Z8P917DH0S","1JCENVJAZAXHIBT82LZYRWB7EPYT11","Tag documents","Given a document, choose one of its words to use as its tag, then assign the tag to a tag cluster.","easy, fast, documents, tags, clusters, words","$0.25","Tue Mar 02 09:19:06 GMT 2010","1","","3600","604800","Tue Mar 09 09:19:06 GMT 2010","72","","18U4EGY8R2QOZS2S7V0VGZWDWXX1XH","A2JXLPT79J0POF","Submitted","Tue Mar 02 10:22:37 GMT 2010","Tue Mar 02 10:31:53 GMT 2010","Tue Mar 09 10:31:53 GMT 2010","","","","556","21895","18809","IT'S VERY HARD TO UNDERSTAND THE TAG.","18809"
"16R74GC4HXWIXILJTMW1VKCNU57O43","1JCENVJAZAXHIBT82LZYRWB7EPYT11","Tag documents","Given a document, choose one of its words to use as its tag, then assign the tag to a tag cluster.","easy, fast, documents, tags, clusters, words","$0.25","Tue Mar 02 09:19:06 GMT 2010","1","","3600","604800","Tue Mar 09 09:19:06 GMT 2010","100","","1P64EQ1VTRBXSJDM9LN6MEZ6TP2CMU","A1KTJI6URSAQLA","Submitted","Tue Mar 02 09:25:05 GMT 2010","Tue Mar 02 09:28:18 GMT 2010","Tue Mar 09 09:28:18 GMT 2010","","","","193","79667","80735","","80735"
"195TLAL81WPF0MEG884XAFP7QA73PE","1JCENVJAZAXHIBT82LZYRWB7EPYT11","Tag documents","Given a document, choose one of its words to use as its tag, then assign the tag to a tag cluster.","easy, fast, documents, tags, clusters, words","$0.25","Tue Mar 02 09:19:06 GMT 2010","1","","3600","604800","Tue Mar 09 09:19:06 GMT 2010","1","","15H97EU2661FX123STR56QKCS343NU","A1KTJI6URSAQLA","Submitted","Tue Mar 02 12:03:44 GMT 2010","Tue Mar 02 12:05:34 GMT 2010","Tue Mar 09 12:05:34 GMT 2010","","","","110","3958","10810","","10810"
"115QYCFQZPFV669G3DRKZIAQCNQ5U2","1JCENVJAZAXHIBT82LZYRWB7EPYT11","Tag documents","Given a document, choose one of its words to use as its tag, then assign the tag to a tag cluster.","easy, fast, documents, tags, clusters, words","$0.25","Tue Mar 02 09:19:06 GMT 2010","1","","3600","604800","Tue Mar 09 09:19:06 GMT 2010","32","","12C9RTWJ44RRLSHNWBDOTQ5E11YW84","A1KTJI6URSAQLA","Submitted","Tue Mar 02 11:15:50 GMT 2010","Tue Mar 02 11:17:33 GMT 2010","Tue Mar 09 11:17:33 GMT 2010","","","","103","6423","63953","","63953"
"1GOKWEN0Q4Q9Y2GSCMFNSVRH4OM9IP","1JCENVJAZAXHIBT82LZYRWB7EPYT11","Tag documents","Given a document, choose one of its words to use as its tag, then assign the tag to a tag cluster.","easy, fast, documents, tags, clusters, words","$0.25","Tue Mar 02 09:19:06 GMT 2010","1","","3600","604800","Tue Mar 09 09:19:06 GMT 2010","37","","1OJSQ5UK7QY9P4YUHI1VPI62SVRD5A","A1KTJI6URSAQLA","Submitted","Tue Mar 02 11:05:54 GMT 2010","Tue Mar 02 11:08:09 GMT 2010","Tue Mar 09 11:08:09 GMT 2010","","","","135","1066","92979","","92979"
"1FJTH5WS7E700YFV8LJMAKFHV6T3Q5","1JCENVJAZAXHIBT82LZYRWB7EPYT11","Tag documents","Given a document, choose one of its words to use as its tag, then assign the tag to a tag cluster.","easy, fast, documents, tags, clusters, words","$0.25","Tue Mar 02 09:19:07 GMT 2010","1","","3600","604800","Tue Mar 09 09:19:07 GMT 2010","32","","1V33LA3PZERGIU9WD0MEARPR7Y1NZ9","AND9W51FV95KY","Submitted","Tue Mar 02 11:10:38 GMT 2010","Tue Mar 02 11:10:52 GMT 2010","Tue Mar 09 11:10:52 GMT 2010","","","","14","68963","26011","","85164"
"1AG24OUOAG6933CK17090BZWGVQW07","1JCENVJAZAXHIBT82LZYRWB7EPYT11","Tag documents","Given a document, choose one of its words to use as its tag, then assign the tag to a tag cluster.","easy, fast, documents, tags, clusters, words","$0.25","Tue Mar 02 09:19:07 GMT 2010","1","","3600","604800","Tue Mar 09 09:19:07 GMT 2010","43","","1V739FGAMSPTM3Y0K9AB3F1F44ZUGI","AND9W51FV95KY","Submitted","Tue Mar 02 10:58:53 GMT 2010","Tue Mar 02 11:00:22 GMT 2010","Tue Mar 09 11:00:22 GMT 2010","","","","89","5097","43236","","43236"
"1G2PFOSSWIQ5TD0YU40N4W6HH3B9J1","1JCENVJAZAXHIBT82LZYRWB7EPYT11","Tag documents","Given a document, choose one of its words to use as its tag, then assign the tag to a tag cluster.","easy, fast, documents, tags, clusters, words","$0.25","Tue Mar 02 09:19:07 GMT 2010","1","","3600","604800","Tue Mar 09 09:19:07 GMT 2010","94","","1ZYAUMQKTLFZKCSGHM6K5COK7UCC54","A1KTJI6URSAQLA","Submitted","Tue Mar 02 09:47:08 GMT 2010","Tue Mar 02 09:49:43 GMT 2010","Tue Mar 09 09:49:43 GMT 2010","","","","155","97236","43757","","43757"
"1U425VWWPS8ODS9CSA54VW7TBAEJTB","1JCENVJAZAXHIBT82LZYRWB7EPYT11","Tag documents","Given a document, choose one of its words to use as its tag, then assign the tag to a tag cluster.","easy, fast, documents, tags, clusters, words","$0.25","Tue Mar 02 09:19:07 GMT 2010","1","","3600","604800","Tue Mar 09 09:19:07 GMT 2010","47","","1HW6O0P63VZZXH2DRNHKHNR175Q6QN","AND9W51FV95KY","Submitted","Tue Mar 02 10:49:03 GMT 2010","Tue Mar 02 10:50:25 GMT 2010","Tue Mar 09 10:50:25 GMT 2010","","","","82","79511","13839","","13839"
"1P4Z9YXDMP5W6X5C33IRQFQ0RRSC39","1JCENVJAZAXHIBT82LZYRWB7EPYT11","Tag documents","Given a document, choose one of its words to use as its tag, then assign the tag to a tag cluster.","easy, fast, documents, tags, clusters, words","$0.25","Tue Mar 02 09:19:07 GMT 2010","1","","3600","604800","Tue Mar 09 09:19:07 GMT 2010","94","","1OJILU5F6B1NXJCLU8HUBL5OG6A0JL","A1KTJI6URSAQLA","Submitted","Tue Mar 02 09:39:46 GMT 2010","Tue Mar 02 09:42:13 GMT 2010","Tue Mar 09 09:42:13 GMT 2010","","","","147","30255","67927","","67927"
"1TEA67RC4HL77NKI6JGTNNII02LQP4","1JCENVJAZAXHIBT82LZYRWB7EPYT11","Tag documents","Given a document, choose one of its words to use as its tag, then assign the tag to a tag cluster.","easy, fast, documents, tags, clusters, words","$0.25","Tue Mar 02 09:19:07 GMT 2010","1","","3600","604800","Tue Mar 09 09:19:07 GMT 2010","97","","1E3LYRJWK9XK9VG7UZEE4SBAUG93X7","A1KTJI6URSAQLA","Submitted","Tue Mar 02 09:20:56 GMT 2010","Tue Mar 02 09:25:02 GMT 2010","Tue Mar 09 09:25:02 GMT 2010","","","","246","15915","95562","","95562"
"1CPWGU0QBQUVJLYG831PV4C9QUZ5VR","1JCENVJAZAXHIBT82LZYRWB7EPYT11","Tag documents","Given a document, choose one of its words to use as its tag, then assign the tag to a tag cluster.","easy, fast, documents, tags, clusters, words","$0.25","Tue Mar 02 09:19:07 GMT 2010","1","","3600","604800","Tue Mar 09 09:19:07 GMT 2010","1","","1XNP33J20A37QGWBTC5O4FYQXDF63N","A1KTJI6URSAQLA","Submitted","Tue Mar 02 12:03:31 GMT 2010","Tue Mar 02 12:03:44 GMT 2010","Tue Mar 09 12:03:44 GMT 2010","","","","13","97114","85164","","85164"
"1TJPCGGYPWS0CZUVL08MFAPMRSV3R6","1JCENVJAZAXHIBT82LZYRWB7EPYT11","Tag documents","Given a document, choose one of its words to use as its tag, then assign the tag to a tag cluster.","easy, fast, documents, tags, clusters, words","$0.25","Tue Mar 02 09:19:07 GMT 2010","1","","3600","604800","Tue Mar 09 09:19:07 GMT 2010","81","","10V9ZAZKAYXY0F98EFMRPGPWX73ZOV","A1KTJI6URSAQLA","Submitted","Tue Mar 02 10:00:07 GMT 2010","Tue Mar 02 10:03:11 GMT 2010","Tue Mar 09 10:03:11 GMT 2010","","","","184","4652","61421","","61421"
"192MTGM7C2D9ASX2XQ49EGI6LNWW1A","1JCENVJAZAXHIBT82LZYRWB7EPYT11","Tag documents","Given a document, choose one of its words to use as its tag, then assign the tag to a tag cluster.","easy, fast, documents, tags, clusters, words","$0.25","Tue Mar 02 09:19:07 GMT 2010","1","","3600","604800","Tue Mar 09 09:19:07 GMT 2010","21","","154NHWJVBPLB7CWXOTVJC9KQ1I3535","A1KTJI6URSAQLA","Submitted","Tue Mar 02 11:31:32 GMT 2010","Tue Mar 02 11:34:09 GMT 2010","Tue Mar 09 11:34:09 GMT 2010","","","","157","50775","16756","","16756"
"1U78PTKYAIM04X6GCP0Z5B6UWSB9K0","1JCENVJAZAXHIBT82LZYRWB7EPYT11","Tag documents","Given a document, choose one of its words to use as its tag, then assign the tag to a tag cluster.","easy, fast, documents, tags, clusters, words","$0.25","Tue Mar 02 09:19:07 GMT 2010","1","","3600","604800","Tue Mar 09 09:19:07 GMT 2010","29","","177B0R3ZK7STS90LXTT7R0IGKWHL0C","A99OHHH4MZZKO","Submitted","Tue Mar 02 10:40:26 GMT 2010","Tue Mar 02 11:19:05 GMT 2010","Tue Mar 09 11:19:05 GMT 2010","","","","2319","38341","13806","","13806"
"1PFMBDEHP493D5O1SFVE0STVUOLJU2","1JCENVJAZAXHIBT82LZYRWB7EPYT11","Tag documents","Given a document, choose one of its words to use as its tag, then assign the tag to a tag cluster.","easy, fast, documents, tags, clusters, words","$0.25","Tue Mar 02 09:19:07 GMT 2010","1","","3600","604800","Tue Mar 09 09:19:07 GMT 2010","37","","1BTK2HSXNETI3HWL9QXU2FCD9HYFH4","A1KTJI6URSAQLA","Submitted","Tue Mar 02 11:03:03 GMT 2010","Tue Mar 02 11:05:49 GMT 2010","Tue Mar 09 11:05:49 GMT 2010","","","","166","31033","93905","","93905"
"1YJQ62J4OMH0T1PJ7RFB0CI1U12O58","1JCENVJAZAXHIBT82LZYRWB7EPYT11","Tag documents","Given a document, choose one of its words to use as its tag, then assign the tag to a tag cluster.","easy, fast, documents, tags, clusters, words","$0.25","Tue Mar 02 09:19:07 GMT 2010","1","","3600","604800","Tue Mar 09 09:19:07 GMT 2010","77","","1Y91XOF660FYYWKU4FUH0WAVPT5913","A1KTJI6URSAQLA","Submitted","Tue Mar 02 10:15:03 GMT 2010","Tue Mar 02 10:17:51 GMT 2010","Tue Mar 09 10:17:51 GMT 2010","","","","168","8917","51919","","51919"
"1ZSA222WAZ3S7ZLX6WVINS8S5Y7QQV","1JCENVJAZAXHIBT82LZYRWB7EPYT11","Tag documents","Given a document, choose one of its words to use as its tag, then assign the tag to a tag cluster.","easy, fast, documents, tags, clusters, words","$0.25","Tue Mar 02 09:19:07 GMT 2010","1","","3600","604800","Tue Mar 09 09:19:07 GMT 2010","59","","1KL2DFB4ESE7A1VW2RKYRNCW3N4A6K","AND9W51FV95KY","Submitted","Tue Mar 02 10:36:28 GMT 2010","Tue Mar 02 10:38:26 GMT 2010","Tue Mar 09 10:38:26 GMT 2010","","","","118","48038","70234","","70234"
"10ZSTVZH15O3QKD1X55JWEVE8VUJVR","1JCENVJAZAXHIBT82LZYRWB7EPYT11","Tag documents","Given a document, choose one of its words to use as its tag, then assign the tag to a tag cluster.","easy, fast, documents, tags, clusters, words","$0.25","Tue Mar 02 09:19:08 GMT 2010","1","","3600","604800","Tue Mar 09 09:19:08 GMT 2010","17","","1CJCJUUHF0NVO2VXG41QEJL5WFGY9U","A1KTJI6URSAQLA","Submitted","Tue Mar 02 11:38:41 GMT 2010","Tue Mar 02 11:40:28 GMT 2010","Tue Mar 09 11:40:28 GMT 2010","","","","107","88435","47386","","47386"
"1TFKN0MG7HSCDEU80P8R5KUIDUE3SU","1JCENVJAZAXHIBT82LZYRWB7EPYT11","Tag documents","Given a document, choose one of its words to use as its tag, then assign the tag to a tag cluster.","easy, fast, documents, tags, clusters, words","$0.25","Tue Mar 02 09:19:08 GMT 2010","1","","3600","604800","Tue Mar 09 09:19:08 GMT 2010","8","","1TLUH8KGWYY1YL25RID1B9YSTR9MRG","A1KTJI6URSAQLA","Submitted","Tue Mar 02 11:50:15 GMT 2010","Tue Mar 02 11:51:49 GMT 2010","Tue Mar 09 11:51:49 GMT 2010","","","","94","30249","152","","152"
"1Q2SS9JBD7ZWC5PXCAPGSIW1QWDO6O","1JCENVJAZAXHIBT82LZYRWB7EPYT11","Tag documents","Given a document, choose one of its words to use as its tag, then assign the tag to a tag cluster.","easy, fast, documents, tags, clusters, words","$0.25","Tue Mar 02 09:19:08 GMT 2010","1","","3600","604800","Tue Mar 09 09:19:08 GMT 2010","14","","1W33QDXDGGFM0Z16Q0MSYVRKL1YLWG","A1KTJI6URSAQLA","Submitted","Tue Mar 02 11:44:17 GMT 2010","Tue Mar 02 11:46:25 GMT 2010","Tue Mar 09 11:46:25 GMT 2010","","","","128","86482","44051","","44051"
"1ZQIULQCAEHBO3OYXPC0KBJ9LSG9L3","1JCENVJAZAXHIBT82LZYRWB7EPYT11","Tag documents","Given a document, choose one of its words to use as its tag, then assign the tag to a tag cluster.","easy, fast, documents, tags, clusters, words","$0.25","Tue Mar 02 09:19:08 GMT 2010","1","","3600","604800","Tue Mar 09 09:19:08 GMT 2010","25","","1TLUH8KGWYY1YL25RID1B9YSTR8RMK","A14CXOYFE4MXBZ","Submitted","Tue Mar 02 11:20:00 GMT 2010","Tue Mar 02 11:28:33 GMT 2010","Tue Mar 09 11:28:33 GMT 2010","","","","513","65291","54542","","54542"
"1VMBL859Y9DGZDFYGU4NJZSBDTAW2R","1JCENVJAZAXHIBT82LZYRWB7EPYT11","Tag documents","Given a document, choose one of its words to use as its tag, then assign the tag to a tag cluster.","easy, fast, documents, tags, clusters, words","$0.25","Tue Mar 02 09:19:08 GMT 2010","1","","3600","604800","Tue Mar 09 09:19:08 GMT 2010","76","","1TX1YHES44OQX3WPEFDOKXRDXFGHEJ","A2MUIS18WRH740","Submitted","Tue Mar 02 10:00:33 GMT 2010","Tue Mar 02 10:15:42 GMT 2010","Tue Mar 09 10:15:42 GMT 2010","","","","909","12480","9039","","9039"
"1PAV764YSH4DSE7NPPDHFPQ4FDS3TJ","1JCENVJAZAXHIBT82LZYRWB7EPYT11","Tag documents","Given a document, choose one of its words to use as its tag, then assign the tag to a tag cluster.","easy, fast, documents, tags, clusters, words","$0.25","Tue Mar 02 09:19:08 GMT 2010","1","","3600","604800","Tue Mar 09 09:19:08 GMT 2010","24","","1YC5UP7JH3GILZUSKCJ1HSTMTRYC90","A1KTJI6URSAQLA","Submitted","Tue Mar 02 11:26:54 GMT 2010","Tue Mar 02 11:29:30 GMT 2010","Tue Mar 09 11:29:30 GMT 2010","","","","156","76440","9136","","9136"
"1QHJMTI1ADURD22D2RI9DD8J6ZJH1V","1JCENVJAZAXHIBT82LZYRWB7EPYT11","Tag documents","Given a document, choose one of its words to use as its tag, then assign the tag to a tag cluster.","easy, fast, documents, tags, clusters, words","$0.25","Tue Mar 02 09:19:08 GMT 2010","1","","3600","604800","Tue Mar 09 09:19:08 GMT 2010","0","","1P5EYF02C5U8YAYLYD6LH6VNZBYW53","AA77TBNW4BQPC","Submitted","Tue Mar 02 11:44:29 GMT 2010","Tue Mar 02 12:15:22 GMT 2010","Tue Mar 09 12:15:22 GMT 2010","","","","1853","12297","59167","very difficult decisions","59167"
"1K5ABGZT2KOG59D6NFAFIGESF4WJW1","1JCENVJAZAXHIBT82LZYRWB7EPYT11","Tag documents","Given a document, choose one of its words to use as its tag, then assign the tag to a tag cluster.","easy, fast, documents, tags, clusters, words","$0.25","Tue Mar 02 09:19:08 GMT 2010","1","","3600","604800","Tue Mar 09 09:19:08 GMT 2010","51","","1T85T8A1S173BKAMEEJH211JTYRKOV","A3TZHW0N38GZZY","Submitted","Tue Mar 02 10:27:32 GMT 2010","Tue Mar 02 10:50:04 GMT 2010","Tue Mar 09 10:50:04 GMT 2010","","","","1352","57533","13069","","13069"
"1B5U8VNK7C98C24LZUA30E7WVWYM67","1JCENVJAZAXHIBT82LZYRWB7EPYT11","Tag documents","Given a document, choose one of its words to use as its tag, then assign the tag to a tag cluster.","easy, fast, documents, tags, clusters, words","$0.25","Tue Mar 02 09:19:08 GMT 2010","1","","3600","604800","Tue Mar 09 09:19:08 GMT 2010","57","","1REVH58QZ5ATRD2H5T0KVW61DZ486E","AND9W51FV95KY","Submitted","Tue Mar 02 10:38:27 GMT 2010","Tue Mar 02 10:40:00 GMT 2010","Tue Mar 09 10:40:00 GMT 2010","","","","93","51331","63902","","63902"
"1T101B8GN9SZGVL9SNZN96UXIGIEC2","1JCENVJAZAXHIBT82LZYRWB7EPYT11","Tag documents","Given a document, choose one of its words to use as its tag, then assign the tag to a tag cluster.","easy, fast, documents, tags, clusters, words","$0.25","Tue Mar 02 09:19:08 GMT 2010","1","","3600","604800","Tue Mar 09 09:19:08 GMT 2010","100","","1GG33P1SEALG3BGTDLU8HRFLHHSS1V","A239IJKDLZJM7R","Submitted","Tue Mar 02 09:36:53 GMT 2010","Tue Mar 02 09:37:37 GMT 2010","Tue Mar 09 09:37:37 GMT 2010","","","","44","49768","94518","","94518"
"1EWRS0JKMWUHOTOG3HNA0KI65ROC4U","1JCENVJAZAXHIBT82LZYRWB7EPYT11","Tag documents","Given a document, choose one of its words to use as its tag, then assign the tag to a tag cluster.","easy, fast, documents, tags, clusters, words","$0.25","Tue Mar 02 09:19:08 GMT 2010","1","","3600","604800","Tue Mar 09 09:19:08 GMT 2010","29","","1BG3WFLVGOYHZTXXK0GLXP75PXNEKP","A1KTJI6URSAQLA","Submitted","Tue Mar 02 11:17:33 GMT 2010","Tue Mar 02 11:19:59 GMT 2010","Tue Mar 09 11:19:59 GMT 2010","","","","146","85731","52559","","52559"
"1I0NMR4C69SVUL6JX1DFKOYYLX69M5","1JCENVJAZAXHIBT82LZYRWB7EPYT11","Tag documents","Given a document, choose one of its words to use as its tag, then assign the tag to a tag cluster.","easy, fast, documents, tags, clusters, words","$0.25","Tue Mar 02 09:19:08 GMT 2010","1","","3600","604800","Tue Mar 09 09:19:08 GMT 2010","46","","1TMNUI9DMWGSNGMMUZZJ8VE714S5LH","A1KTJI6URSAQLA","Submitted","Tue Mar 02 10:35:21 GMT 2010","Tue Mar 02 10:51:11 GMT 2010","Tue Mar 09 10:51:11 GMT 2010","","","","950","9580","70190","","70190"
"1WVEYF02C5U8YAYLYD6LH6VNX315W1","1JCENVJAZAXHIBT82LZYRWB7EPYT11","Tag documents","Given a document, choose one of its words to use as its tag, then assign the tag to a tag cluster.","easy, fast, documents, tags, clusters, words","$0.25","Tue Mar 02 09:19:08 GMT 2010","1","","3600","604800","Tue Mar 09 09:19:08 GMT 2010","42","","100H8IA4ABUXVMQP4NIX24AIOR7UB1","A1KTJI6URSAQLA","Submitted","Tue Mar 02 10:57:59 GMT 2010","Tue Mar 02 11:00:13 GMT 2010","Tue Mar 09 11:00:13 GMT 2010","","","","134","53813","2034","","2034"
"1FB3DR7V59K5KVBHKUIS29X3J7AW32","1JCENVJAZAXHIBT82LZYRWB7EPYT11","Tag documents","Given a document, choose one of its words to use as its tag, then assign the tag to a tag cluster.","easy, fast, documents, tags, clusters, words","$0.25","Tue Mar 02 09:19:09 GMT 2010","1","","3600","604800","Tue Mar 09 09:19:09 GMT 2010","51","","1S9PCQ7GT7AGA70A3MAPUSI2PAEB50","AND9W51FV95KY","Submitted","Tue Mar 02 10:44:43 GMT 2010","Tue Mar 02 10:45:46 GMT 2010","Tue Mar 09 10:45:46 GMT 2010","","","","63","98523","23088","","23088"
"1QNSWGBUHK1VU9IWXK61KZSZO62JXU","1JCENVJAZAXHIBT82LZYRWB7EPYT11","Tag documents","Given a document, choose one of its words to use as its tag, then assign the tag to a tag cluster.","easy, fast, documents, tags, clusters, words","$0.25","Tue Mar 02 09:19:09 GMT 2010","1","","3600","604800","Tue Mar 09 09:19:09 GMT 2010","11","","1T12NT80GAKEQ4PUKITGYP9RFJUBGK","A14CXOYFE4MXBZ","Submitted","Tue Mar 02 11:44:02 GMT 2010","Tue Mar 02 11:48:37 GMT 2010","Tue Mar 09 11:48:37 GMT 2010","","","","275","81291","98584","","98584"
"1IMIXUCG1EB9LNRNSJUYTCCF3GUED2","1JCENVJAZAXHIBT82LZYRWB7EPYT11","Tag documents","Given a document, choose one of its words to use as its tag, then assign the tag to a tag cluster.","easy, fast, documents, tags, clusters, words","$0.25","Tue Mar 02 09:19:09 GMT 2010","1","","3600","604800","Tue Mar 09 09:19:09 GMT 2010","56","","1M8J2NQF485X4SVWBBJI7KYEUXS8EZ","AND9W51FV95KY","Submitted","Tue Mar 02 10:40:01 GMT 2010","Tue Mar 02 10:41:16 GMT 2010","Tue Mar 09 10:41:16 GMT 2010","","","","75","93827","59773","","59773"
"1C18EL13WKUY2NK9LVINIWIOY5XH2C","1JCENVJAZAXHIBT82LZYRWB7EPYT11","Tag documents","Given a document, choose one of its words to use as its tag, then assign the tag to a tag cluster.","easy, fast, documents, tags, clusters, words","$0.25","Tue Mar 02 09:19:09 GMT 2010","1","","3600","604800","Tue Mar 09 09:19:09 GMT 2010","41","","1DGU3USTGTQG22WH4JBO7L92MQD01M","AND9W51FV95KY","Submitted","Tue Mar 02 11:01:41 GMT 2010","Tue Mar 02 11:02:51 GMT 2010","Tue Mar 09 11:02:51 GMT 2010","","","","70","79155","21030","","21030"
"1DS6XDM2SHOSJ00XJBKISIIX1K9QRW","1JCENVJAZAXHIBT82LZYRWB7EPYT11","Tag documents","Given a document, choose one of its words to use as its tag, then assign the tag to a tag cluster.","easy, fast, documents, tags, clusters, words","$0.25","Tue Mar 02 09:19:09 GMT 2010","1","","3600","604800","Tue Mar 09 09:19:09 GMT 2010","73","","17ZH5H1D0UO6BPBQ3ZD2AL8IEYYD3G","A1KTJI6URSAQLA","Submitted","Tue Mar 02 10:06:12 GMT 2010","Tue Mar 02 10:08:58 GMT 2010","Tue Mar 09 10:08:58 GMT 2010","","","","166","69888","25110","","25110"
"1KLFDOMJST5SSRMCPU3RKLC6YRZ3UA","1JCENVJAZAXHIBT82LZYRWB7EPYT11","Tag documents","Given a document, choose one of its words to use as its tag, then assign the tag to a tag cluster.","easy, fast, documents, tags, clusters, words","$0.25","Tue Mar 02 09:19:09 GMT 2010","1","","3600","604800","Tue Mar 09 09:19:09 GMT 2010","6","","1EUAE20AE7JGVDBZ807OTGQSHY900L","A1KTJI6URSAQLA","Submitted","Tue Mar 02 11:53:44 GMT 2010","Tue Mar 02 11:55:55 GMT 2010","Tue Mar 09 11:55:55 GMT 2010","","","","131","81682","44940","","44940"
"1U7GFVU9SU5RG2IQI4FV6S7SQ7IM76","1JCENVJAZAXHIBT82LZYRWB7EPYT11","Tag documents","Given a document, choose one of its words to use as its tag, then assign the tag to a tag cluster.","easy, fast, documents, tags, clusters, words","$0.25","Tue Mar 02 09:19:09 GMT 2010","1","","3600","604800","Tue Mar 09 09:19:09 GMT 2010","100","","1PV952KK3LA7ZEIB952YK1FZXAJHVP","A1KTJI6URSAQLA","Submitted","Tue Mar 02 09:28:19 GMT 2010","Tue Mar 02 09:32:53 GMT 2010","Tue Mar 09 09:32:53 GMT 2010","","","","274","859","77303","","77303"
"134EGYCU6XLEDT5NOE5IZUU03SVEEV","1JCENVJAZAXHIBT82LZYRWB7EPYT11","Tag documents","Given a document, choose one of its words to use as its tag, then assign the tag to a tag cluster.","easy, fast, documents, tags, clusters, words","$0.25","Tue Mar 02 09:19:09 GMT 2010","1","","3600","604800","Tue Mar 09 09:19:09 GMT 2010","73","","1NRKPP2IULM9KXXI7U99SZW6MPY8I5","A316CJHR98A9O7","Submitted","Tue Mar 02 10:11:55 GMT 2010","Tue Mar 02 10:23:05 GMT 2010","Tue Mar 09 10:23:05 GMT 2010","","","","670","73120","80102","","80102"
"16OAUMQKTLFZKCSGHM6K5COK5NJC5Z","1JCENVJAZAXHIBT82LZYRWB7EPYT11","Tag documents","Given a document, choose one of its words to use as its tag, then assign the tag to a tag cluster.","easy, fast, documents, tags, clusters, words","$0.25","Tue Mar 02 09:19:09 GMT 2010","1","","3600","604800","Tue Mar 09 09:19:09 GMT 2010","24","","126IU4IEGTZCRLZV4EZS7U26DCFUUJ","A1KTJI6URSAQLA","Submitted","Tue Mar 02 11:24:43 GMT 2010","Tue Mar 02 11:26:53 GMT 2010","Tue Mar 09 11:26:53 GMT 2010","","","","130","48199","68421","","68421"
"143VWTT25G9Q2RULK8NBCEP9X76W4N","1JCENVJAZAXHIBT82LZYRWB7EPYT11","Tag documents","Given a document, choose one of its words to use as its tag, then assign the tag to a tag cluster.","easy, fast, documents, tags, clusters, words","$0.25","Tue Mar 02 09:19:09 GMT 2010","1","","3600","604800","Tue Mar 09 09:19:09 GMT 2010","14","","1MTPCGGYPWS0CZUVL08MFAPMT0S3RH","A14CXOYFE4MXBZ","Submitted","Tue Mar 02 11:38:26 GMT 2010","Tue Mar 02 11:43:54 GMT 2010","Tue Mar 09 11:43:54 GMT 2010","","","","328","5465","98706","","98706"
"1WTNF2JUAQOVGGN9S971KS3N1ROM8T","1JCENVJAZAXHIBT82LZYRWB7EPYT11","Tag documents","Given a document, choose one of its words to use as its tag, then assign the tag to a tag cluster.","easy, fast, documents, tags, clusters, words","$0.25","Tue Mar 02 09:19:09 GMT 2010","1","","3600","604800","Tue Mar 09 09:19:09 GMT 2010","55","","1BQ7QOCDV3ZK8NN68A6XWDS4NO1GJ8","AND9W51FV95KY","Submitted","Tue Mar 02 10:42:27 GMT 2010","Tue Mar 02 10:43:30 GMT 2010","Tue Mar 09 10:43:30 GMT 2010","","","","63","25191","7969","","7969"
"1L0XKYQZP7Q6J75JJPPOHCF0FTAEFD","1JCENVJAZAXHIBT82LZYRWB7EPYT11","Tag documents","Given a document, choose one of its words to use as its tag, then assign the tag to a tag cluster.","easy, fast, documents, tags, clusters, words","$0.25","Tue Mar 02 09:19:09 GMT 2010","1","","3600","604800","Tue Mar 09 09:19:09 GMT 2010","89","","16CUDNWB2GCIAKUDXSLTT6T4J6QPEW","A1KTJI6URSAQLA","Submitted","Tue Mar 02 09:54:37 GMT 2010","Tue Mar 02 10:00:07 GMT 2010","Tue Mar 09 10:00:07 GMT 2010","","","","330","54045","89062","","89062"
"1WQ0643P3K1NN5GSPVWS16NG4JXH3N","1JCENVJAZAXHIBT82LZYRWB7EPYT11","Tag documents","Given a document, choose one of its words to use as its tag, then assign the tag to a tag cluster.","easy, fast, documents, tags, clusters, words","$0.25","Tue Mar 02 09:19:09 GMT 2010","1","","3600","604800","Tue Mar 09 09:19:09 GMT 2010","3","","18I4JDBORBK7TQA1KK9T6TJFISGSF3","A1KTJI6URSAQLA","Submitted","Tue Mar 02 12:00:56 GMT 2010","Tue Mar 02 12:03:30 GMT 2010","Tue Mar 09 12:03:30 GMT 2010","","","","154","5360","15080","","15080"
"1Y7CGTQRI6XV3GSUM5GPXI2K1IUC6F","1JCENVJAZAXHIBT82LZYRWB7EPYT11","Tag documents","Given a document, choose one of its words to use as its tag, then assign the tag to a tag cluster.","easy, fast, documents, tags, clusters, words","$0.25","Tue Mar 02 09:19:09 GMT 2010","1","","3600","604800","Tue Mar 09 09:19:09 GMT 2010","68","","1E3LYRJWK9XK9VG7UZEE4SBAUGAX32","A1KTJI6URSAQLA","Submitted","Tue Mar 02 10:25:54 GMT 2010","Tue Mar 02 10:28:36 GMT 2010","Tue Mar 09 10:28:36 GMT 2010","","","","162","70467","33083","","33083"
"1WVEYF02C5U8YAYLYD6LH6VNX31W5S","1JCENVJAZAXHIBT82LZYRWB7EPYT11","Tag documents","Given a document, choose one of its words to use as its tag, then assign the tag to a tag cluster.","easy, fast, documents, tags, clusters, words","$0.25","Tue Mar 02 09:19:09 GMT 2010","1","","3600","604800","Tue Mar 09 09:19:09 GMT 2010","76","","162VKSUG3OZU8IXCVVHHBBKLH6DLTL","A1KTJI6URSAQLA","Submitted","Tue Mar 02 10:17:52 GMT 2010","Tue Mar 02 10:21:25 GMT 2010","Tue Mar 09 10:21:25 GMT 2010","","","","213","40818","59966","","59966"
"1DO18XSKA2O4KF0AY0KNISNTNMSQSK","1JCENVJAZAXHIBT82LZYRWB7EPYT11","Tag documents","Given a document, choose one of its words to use as its tag, then assign the tag to a tag cluster.","easy, fast, documents, tags, clusters, words","$0.25","Tue Mar 02 09:19:10 GMT 2010","1","","3600","604800","Tue Mar 09 09:19:10 GMT 2010","6","","1V12HO0AQB6V5Z7P1M3PAKXPYUPKLJ","A1KZOLS51I9SS7","Submitted","Tue Mar 02 11:52:30 GMT 2010","Tue Mar 02 11:52:37 GMT 2010","Tue Mar 09 11:52:37 GMT 2010","","","","7","23082","30874","","26011"
"1HJ1KCVIZCICX71EU9V6ZXFCG8AEGC","1JCENVJAZAXHIBT82LZYRWB7EPYT11","Tag documents","Given a document, choose one of its words to use as its tag, then assign the tag to a tag cluster.","easy, fast, documents, tags, clusters, words","$0.25","Tue Mar 02 09:19:10 GMT 2010","1","","3600","604800","Tue Mar 09 09:19:10 GMT 2010","14","","1JM8PJMHOY5O4TY5GK9M5JTALZ8IZP","A1KTJI6URSAQLA","Submitted","Tue Mar 02 11:42:34 GMT 2010","Tue Mar 02 11:44:16 GMT 2010","Tue Mar 09 11:44:16 GMT 2010","","","","102","48855","258","","258"
"1H9YNTXG3OTE7G6Z5FLH3W2GWTEC7E","1JCENVJAZAXHIBT82LZYRWB7EPYT11","Tag documents","Given a document, choose one of its words to use as its tag, then assign the tag to a tag cluster.","easy, fast, documents, tags, clusters, words","$0.25","Tue Mar 02 09:19:10 GMT 2010","1","","3600","604800","Tue Mar 09 09:19:10 GMT 2010","68","","10YSV0WVODVI1HGIAXMCN1RX2GA7QN","AND9W51FV95KY","Submitted","Tue Mar 02 10:33:23 GMT 2010","Tue Mar 02 10:35:13 GMT 2010","Tue Mar 09 10:35:13 GMT 2010","","","","110","68057","72928","","72928"
"1S5FS5481KC1C3RJ92SFX3NYQNG9N5","1JCENVJAZAXHIBT82LZYRWB7EPYT11","Tag documents","Given a document, choose one of its words to use as its tag, then assign the tag to a tag cluster.","easy, fast, documents, tags, clusters, words","$0.25","Tue Mar 02 09:19:10 GMT 2010","1","","3600","604800","Tue Mar 09 09:19:10 GMT 2010","55","","1N58XWZH68IR7M17FAXT9EVSY6QHSL","A22ZAKZF3HOKBU","Submitted","Tue Mar 02 10:30:26 GMT 2010","Tue Mar 02 10:39:45 GMT 2010","Tue Mar 09 10:39:45 GMT 2010","","","","559","14312","7529","","7529"
"1OEGKM091QC4HEYZ3WGQ9C9NTYCW68","1JCENVJAZAXHIBT82LZYRWB7EPYT11","Tag documents","Given a document, choose one of its words to use as its tag, then assign the tag to a tag cluster.","easy, fast, documents, tags, clusters, words","$0.25","Tue Mar 02 09:19:10 GMT 2010","1","","3600","604800","Tue Mar 09 09:19:10 GMT 2010","76","","1I372HAEYLOCOOWJK1JVK4VIT5XZER","A316CJHR98A9O7","Submitted","Tue Mar 02 09:57:15 GMT 2010","Tue Mar 02 10:11:22 GMT 2010","Tue Mar 09 10:11:22 GMT 2010","","","","847","7756","64259","","64259"
"185DWSC9HXGKUE862GS33DZ8QCWJY0","1JCENVJAZAXHIBT82LZYRWB7EPYT11","Tag documents","Given a document, choose one of its words to use as its tag, then assign the tag to a tag cluster.","easy, fast, documents, tags, clusters, words","$0.25","Tue Mar 02 09:19:10 GMT 2010","1","","3600","604800","Tue Mar 09 09:19:10 GMT 2010","89","","14426N4KNIAPA6VS6M3OP2JE6X58FD","A1KTJI6URSAQLA","Submitted","Tue Mar 02 09:42:13 GMT 2010","Tue Mar 02 09:44:49 GMT 2010","Tue Mar 09 09:44:49 GMT 2010","","","","156","44648","40066","","40066"
"10N1YHES44OQX3WPEFDOKXRDV8NEHB","1JCENVJAZAXHIBT82LZYRWB7EPYT11","Tag documents","Given a document, choose one of its words to use as its tag, then assign the tag to a tag cluster.","easy, fast, documents, tags, clusters, words","$0.25","Tue Mar 02 09:19:10 GMT 2010","1","","3600","604800","Tue Mar 09 09:19:10 GMT 2010","86","","1H5ZKZ3SKJP5OOHFR7ZIENZWBSC7HN","A239IJKDLZJM7R","Submitted","Tue Mar 02 09:37:50 GMT 2010","Tue Mar 02 09:46:52 GMT 2010","Tue Mar 09 09:46:52 GMT 2010","","","","542","56933","7508","","7508"
"1XXL6503C4IJUORVAHSSCSN3GXL9OK","1JCENVJAZAXHIBT82LZYRWB7EPYT11","Tag documents","Given a document, choose one of its words to use as its tag, then assign the tag to a tag cluster.","easy, fast, documents, tags, clusters, words","$0.25","Tue Mar 02 09:19:10 GMT 2010","1","","3600","604800","Tue Mar 09 09:19:10 GMT 2010","39","","1O3DPQ3ZM0LH3A449ZNITV1SC4N5KE","A2JXLPT79J0POF","Submitted","Tue Mar 02 10:35:16 GMT 2010","Tue Mar 02 11:07:29 GMT 2010","Tue Mar 09 11:07:29 GMT 2010","","","","1933","19103","86204","BY USUNG THIS TAG DOCUMENT I WAS GOING MORE KNOWLEDGE.","86204"
"19JCS3A2V205ZFDPN0PDSXJFP56QT9","1JCENVJAZAXHIBT82LZYRWB7EPYT11","Tag documents","Given a document, choose one of its words to use as its tag, then assign the tag to a tag cluster.","easy, fast, documents, tags, clusters, words","$0.25","Tue Mar 02 09:19:10 GMT 2010","1","","3600","604800","Tue Mar 09 09:19:10 GMT 2010","3","","1IQ1TRJMUWIQF4IX48QSR5KFM452PE","A1KTJI6URSAQLA","Submitted","Tue Mar 02 11:56:01 GMT 2010","Tue Mar 02 11:59:02 GMT 2010","Tue Mar 09 11:59:02 GMT 2010","","","","181","70302","80022","","80022"
"1LISP6PW3RQ851ZWP91BBBFMIJTH48","1JCENVJAZAXHIBT82LZYRWB7EPYT11","Tag documents","Given a document, choose one of its words to use as its tag, then assign the tag to a tag cluster.","easy, fast, documents, tags, clusters, words","$0.25","Tue Mar 02 09:19:10 GMT 2010","1","","3600","604800","Tue Mar 09 09:19:10 GMT 2010","75","","1SCMNJIM5E7VF4R9J4USZYIM5USEV7","A1KTJI6URSAQLA","Submitted","Tue Mar 02 10:21:26 GMT 2010","Tue Mar 02 10:23:25 GMT 2010","Tue Mar 09 10:23:25 GMT 2010","","","","119","50394","7308","","7308"
"17G2RM7YM88NLEC4M6LIFQ9JO9WW77","1JCENVJAZAXHIBT82LZYRWB7EPYT11","Tag documents","Given a document, choose one of its words to use as its tag, then assign the tag to a tag cluster.","easy, fast, documents, tags, clusters, words","$0.25","Tue Mar 02 09:19:10 GMT 2010","1","","3600","604800","Tue Mar 09 09:19:10 GMT 2010","68","","1B0N4GIBVHMWC87RF94SSTKISESUSZ","A1KTJI6URSAQLA","Submitted","Tue Mar 02 10:33:30 GMT 2010","Tue Mar 02 10:35:21 GMT 2010","Tue Mar 09 10:35:21 GMT 2010","","","","111","18377","36111","","36111"
"194EZ9Q0YPVFG532VKU8YWWXL7XO7N","1JCENVJAZAXHIBT82LZYRWB7EPYT11","Tag documents","Given a document, choose one of its words to use as its tag, then assign the tag to a tag cluster.","easy, fast, documents, tags, clusters, words","$0.25","Tue Mar 02 09:19:10 GMT 2010","1","","3600","604800","Tue Mar 09 09:19:10 GMT 2010","14","","123RII68R77MGJEUEFCB8L0FGVB6IM","A1KTJI6URSAQLA","Submitted","Tue Mar 02 11:46:26 GMT 2010","Tue Mar 02 11:48:01 GMT 2010","Tue Mar 09 11:48:01 GMT 2010","","","","95","70398","8651","","8651"
"1QQD8TR9UC5KZ4IBY2UMHK8AW60JZR","1JCENVJAZAXHIBT82LZYRWB7EPYT11","Tag documents","Given a document, choose one of its words to use as its tag, then assign the tag to a tag cluster.","easy, fast, documents, tags, clusters, words","$0.25","Tue Mar 02 09:19:10 GMT 2010","1","","3600","604800","Tue Mar 09 09:19:10 GMT 2010","41","","1XB92X7Y25E3TUO73KN2LTP9WM8AFO","AND9W51FV95KY","Submitted","Tue Mar 02 11:02:51 GMT 2010","Tue Mar 02 11:04:02 GMT 2010","Tue Mar 09 11:04:02 GMT 2010","","","","71","86633","67963","","67963"
"1V5LV67J4UKS56BCUKDWG7EPCY83VZ","1JCENVJAZAXHIBT82LZYRWB7EPYT11","Tag documents","Given a document, choose one of its words to use as its tag, then assign the tag to a tag cluster.","easy, fast, documents, tags, clusters, words","$0.25","Tue Mar 02 09:19:10 GMT 2010","1","","3600","604800","Tue Mar 09 09:19:10 GMT 2010","100","","1DGU3USTGTQG22WH4JBO7L92MPA01H","A1KTJI6URSAQLA","Submitted","Tue Mar 02 09:32:54 GMT 2010","Tue Mar 02 09:36:45 GMT 2010","Tue Mar 09 09:36:45 GMT 2010","","","","231","63","8021","","8021"
"14NF30OXWA2QTY79KXV9K9SSVL2EI4","1JCENVJAZAXHIBT82LZYRWB7EPYT11","Tag documents","Given a document, choose one of its words to use as its tag, then assign the tag to a tag cluster.","easy, fast, documents, tags, clusters, words","$0.25","Tue Mar 02 09:19:10 GMT 2010","1","","3600","604800","Tue Mar 09 09:19:10 GMT 2010","87","","1UKSZ5LBIVDX15F3AK7NNW1NXJMP7A","A1KTJI6URSAQLA","Submitted","Tue Mar 02 09:52:12 GMT 2010","Tue Mar 02 09:54:37 GMT 2010","Tue Mar 09 09:54:37 GMT 2010","","","","145","37107","29209","","29209"
"12DWJFC3R57NNA3B8I27JP9U6575XU","1JCENVJAZAXHIBT82LZYRWB7EPYT11","Tag documents","Given a document, choose one of its words to use as its tag, then assign the tag to a tag cluster.","easy, fast, documents, tags, clusters, words","$0.25","Tue Mar 02 09:19:11 GMT 2010","1","","3600","604800","Tue Mar 09 09:19:11 GMT 2010","68","","1XIYNF3H65S8C4TZ9YNYG49FE4SFBN","AND9W51FV95KY","Submitted","Tue Mar 02 10:32:04 GMT 2010","Tue Mar 02 10:33:22 GMT 2010","Tue Mar 09 10:33:22 GMT 2010","","","","78","35688","43843","","43843"
"1H6NN5FVHPQGGPB4XTXN09LKZB2YPF","1JCENVJAZAXHIBT82LZYRWB7EPYT11","Tag documents","Given a document, choose one of its words to use as its tag, then assign the tag to a tag cluster.","easy, fast, documents, tags, clusters, words","$0.25","Tue Mar 02 09:19:11 GMT 2010","1","","3600","604800","Tue Mar 09 09:19:11 GMT 2010","41","","10AHPM4XIIBTVERIJ3RJUPSI7WZA40","AND9W51FV95KY","Submitted","Tue Mar 02 11:00:23 GMT 2010","Tue Mar 02 11:01:41 GMT 2010","Tue Mar 09 11:01:41 GMT 2010","","","","78","10316","90887","","90887"
"1DABRSWWAGBQ1K3W3EKLG3L0IFOH5D","1JCENVJAZAXHIBT82LZYRWB7EPYT11","Tag documents","Given a document, choose one of its words to use as its tag, then assign the tag to a tag cluster.","easy, fast, documents, tags, clusters, words","$0.25","Tue Mar 02 09:19:11 GMT 2010","1","","3600","604800","Tue Mar 09 09:19:11 GMT 2010","86","","1O3DPQ3ZM0LH3A449ZNITV1SC3M5KB","A1KTJI6URSAQLA","Submitted","Tue Mar 02 10:03:17 GMT 2010","Tue Mar 02 10:06:12 GMT 2010","Tue Mar 09 10:06:12 GMT 2010","","","","175","6861","99562","","99562"
"1I0NMR4C69SVUL6JX1DFKOYYLX6M9I","1JCENVJAZAXHIBT82LZYRWB7EPYT11","Tag documents","Given a document, choose one of its words to use as its tag, then assign the tag to a tag cluster.","easy, fast, documents, tags, clusters, words","$0.25","Tue Mar 02 09:19:11 GMT 2010","1","","3600","604800","Tue Mar 09 09:19:11 GMT 2010","86","","1P5EYF02C5U8YAYLYD6LH6VNZAUW5X","A1KTJI6URSAQLA","Submitted","Tue Mar 02 09:49:43 GMT 2010","Tue Mar 02 09:52:12 GMT 2010","Tue Mar 09 09:52:12 GMT 2010","","","","149","52242","57428","","57428"
"19E1VZXLKBXI83I3CTH6C051TOHK0Z","1JCENVJAZAXHIBT82LZYRWB7EPYT11","Tag documents","Given a document, choose one of its words to use as its tag, then assign the tag to a tag cluster.","easy, fast, documents, tags, clusters, words","$0.25","Tue Mar 02 09:19:11 GMT 2010","1","","3600","604800","Tue Mar 09 09:19:11 GMT 2010","6","","1VW2JB9CLDKZ9IHD426KMD163RU6RQ","A14CXOYFE4MXBZ","Submitted","Tue Mar 02 11:48:50 GMT 2010","Tue Mar 02 11:52:56 GMT 2010","Tue Mar 09 11:52:56 GMT 2010","","","","246","71351","97172","","97172"
"14UWYLSNVE1KZSSEN5FNXT5H8JDQU0","1JCENVJAZAXHIBT82LZYRWB7EPYT11","Tag documents","Given a document, choose one of its words to use as its tag, then assign the tag to a tag cluster.","easy, fast, documents, tags, clusters, words","$0.25","Tue Mar 02 09:19:11 GMT 2010","1","","3600","604800","Tue Mar 09 09:19:11 GMT 2010","86","","106OZPM486LK0XJSJD4S9IC1J9BJMF","A1KTJI6URSAQLA","Submitted","Tue Mar 02 09:44:50 GMT 2010","Tue Mar 02 09:47:08 GMT 2010","Tue Mar 09 09:47:08 GMT 2010","","","","138","10803","67815","","67815"
"1KVHJRDIRIMCNFTLDEO923G38B15Y0","1JCENVJAZAXHIBT82LZYRWB7EPYT11","Tag documents","Given a document, choose one of its words to use as its tag, then assign the tag to a tag cluster.","easy, fast, documents, tags, clusters, words","$0.25","Tue Mar 02 09:19:11 GMT 2010","1","","3600","604800","Tue Mar 09 09:19:11 GMT 2010","46","","1DO5XROX5U1A9VTRB7JPC5KLRIWMGI","A1KTJI6URSAQLA","Submitted","Tue Mar 02 10:53:09 GMT 2010","Tue Mar 02 10:55:51 GMT 2010","Tue Mar 09 10:55:51 GMT 2010","","","","162","92631","66546","","66546"
"1929RTWJ44RRLSHNWBDOTQ5EZT2W8U","1JCENVJAZAXHIBT82LZYRWB7EPYT11","Tag documents","Given a document, choose one of its words to use as its tag, then assign the tag to a tag cluster.","easy, fast, documents, tags, clusters, words","$0.25","Tue Mar 02 09:19:11 GMT 2010","1","","3600","604800","Tue Mar 09 09:19:11 GMT 2010","50","","1I372HAEYLOCOOWJK1JVK4VIT6ZZEV","A1KTJI6URSAQLA","Submitted","Tue Mar 02 10:51:11 GMT 2010","Tue Mar 02 10:53:08 GMT 2010","Tue Mar 09 10:53:08 GMT 2010","","","","117","23485","50043","","50043"
"1P0UBCM8PDS9Z4GOP7RFGJ9IRFOMAX","1JCENVJAZAXHIBT82LZYRWB7EPYT11","Tag documents","Given a document, choose one of its words to use as its tag, then assign the tag to a tag cluster.","easy, fast, documents, tags, clusters, words","$0.25","Tue Mar 02 09:19:11 GMT 2010","1","","3600","604800","Tue Mar 09 09:19:11 GMT 2010","34","","19R2MS803E30WKTGUFNW2I3SZAJARJ","A1KTJI6URSAQLA","Submitted","Tue Mar 02 11:08:10 GMT 2010","Tue Mar 02 11:10:53 GMT 2010","Tue Mar 09 11:10:53 GMT 2010","","","","163","89910","63221","","63221"
"180LKRP4MX4IFS3L8CL6Q5OBYGNK12","1JCENVJAZAXHIBT82LZYRWB7EPYT11","Tag documents","Given a document, choose one of its words to use as its tag, then assign the tag to a tag cluster.","easy, fast, documents, tags, clusters, words","$0.25","Tue Mar 02 09:19:11 GMT 2010","1","","3600","604800","Tue Mar 09 09:19:11 GMT 2010","74","","1R9RRV34GTWF22CE63F9JGRBCHMIRR","A1KTJI6URSAQLA","Submitted","Tue Mar 02 10:08:58 GMT 2010","Tue Mar 02 10:12:05 GMT 2010","Tue Mar 09 10:12:05 GMT 2010","","","","187","46272","38154","","38154"
"1NKNJ0QFN781G1CJX6CC0EBU47OYQ6","1JCENVJAZAXHIBT82LZYRWB7EPYT11","Tag documents","Given a document, choose one of its words to use as its tag, then assign the tag to a tag cluster.","easy, fast, documents, tags, clusters, words","$0.25","Tue Mar 02 09:19:11 GMT 2010","1","","3600","604800","Tue Mar 09 09:19:11 GMT 2010","53","","1Y3DDZW3Z1TMKO3A8XUQ89Z0GIU6HR","AND9W51FV95KY","Submitted","Tue Mar 02 10:45:46 GMT 2010","Tue Mar 02 10:47:06 GMT 2010","Tue Mar 09 10:47:06 GMT 2010","","","","80","57729","68410","","68410"
"1BQLZGFLGLEJGJ8L5PMECWSSWR3O8A","1JCENVJAZAXHIBT82LZYRWB7EPYT11","Tag documents","Given a document, choose one of its words to use as its tag, then assign the tag to a tag cluster.","easy, fast, documents, tags, clusters, words","$0.25","Tue Mar 02 09:19:12 GMT 2010","1","","3600","604800","Tue Mar 09 09:19:12 GMT 2010","27","","1USCOUQXU6VZWVFM7DN6TZAC5GMUNR","A1KTJI6URSAQLA","Submitted","Tue Mar 02 11:22:51 GMT 2010","Tue Mar 02 11:24:43 GMT 2010","Tue Mar 09 11:24:43 GMT 2010","","","","112","21242","73682","","73682"
"1P7JWUIRTD6EIELGVLRBBUTO9X9MBS","1JCENVJAZAXHIBT82LZYRWB7EPYT11","Tag documents","Given a document, choose one of its words to use as its tag, then assign the tag to a tag cluster.","easy, fast, documents, tags, clusters, words","$0.25","Tue Mar 02 09:19:12 GMT 2010","1","","3600","604800","Tue Mar 09 09:19:12 GMT 2010","19","","16W0SZKFYSV9N9LH5PEAG6BFRRH3GL","A1KTJI6URSAQLA","Submitted","Tue Mar 02 11:35:52 GMT 2010","Tue Mar 02 11:38:40 GMT 2010","Tue Mar 09 11:38:40 GMT 2010","","","","168","367","13625","","13625"
"141KMATP2O2MO9RF2FG9WA7S80REJG","1JCENVJAZAXHIBT82LZYRWB7EPYT11","Tag documents","Given a document, choose one of its words to use as its tag, then assign the tag to a tag cluster.","easy, fast, documents, tags, clusters, words","$0.25","Tue Mar 02 09:19:12 GMT 2010","1","","3600","604800","Tue Mar 09 09:19:12 GMT 2010","33","","1DYXBKHGTAWI5Y0SPCRJL5TYRZD62A","A1KTJI6URSAQLA","Submitted","Tue Mar 02 11:10:54 GMT 2010","Tue Mar 02 11:13:14 GMT 2010","Tue Mar 09 11:13:14 GMT 2010","","","","140","33577","64186","","64186"
"1UKACJ86844P4DLHRGLKVOYGQM1K2J","1JCENVJAZAXHIBT82LZYRWB7EPYT11","Tag documents","Given a document, choose one of its words to use as its tag, then assign the tag to a tag cluster.","easy, fast, documents, tags, clusters, words","$0.25","Tue Mar 02 09:19:12 GMT 2010","1","","3600","604800","Tue Mar 09 09:19:12 GMT 2010","65","","1DGU3USTGTQG22WH4JBO7L92MQC01L","A1KTJI6URSAQLA","Submitted","Tue Mar 02 10:28:36 GMT 2010","Tue Mar 02 10:30:50 GMT 2010","Tue Mar 09 10:30:50 GMT 2010","","","","134","57245","23158","","23158"
"1FB3DR7V59K5KVBHKUIS29X3J7A3W9","1JCENVJAZAXHIBT82LZYRWB7EPYT11","Tag documents","Given a document, choose one of its words to use as its tag, then assign the tag to a tag cluster.","easy, fast, documents, tags, clusters, words","$0.25","Tue Mar 02 09:19:12 GMT 2010","1","","3600","604800","Tue Mar 09 09:19:12 GMT 2010","100","","16TVPJVIMTZTZYL3TCX7551QPNLL1B","A1KTJI6URSAQLA","Submitted","Tue Mar 02 09:36:46 GMT 2010","Tue Mar 02 09:39:45 GMT 2010","Tue Mar 09 09:39:45 GMT 2010","","","","179","31463","17836","","17836"
"1FE2G3DN7FGKC7HESVPSTF70MQMQVP","1JCENVJAZAXHIBT82LZYRWB7EPYT11","Tag documents","Given a document, choose one of its words to use as its tag, then assign the tag to a tag cluster.","easy, fast, documents, tags, clusters, words","$0.25","Tue Mar 02 09:19:12 GMT 2010","1","","3600","604800","Tue Mar 09 09:19:12 GMT 2010","23","","1O8DHNAGLQHAGYU9S35ZBOE4V88PFJ","A14CXOYFE4MXBZ","Submitted","Tue Mar 02 11:28:34 GMT 2010","Tue Mar 02 11:34:20 GMT 2010","Tue Mar 09 11:34:20 GMT 2010","","","","346","77712","18738","","18738"
"15TDDZW3Z1TMKO3A8XUQ89Z0EAZH6T","1JCENVJAZAXHIBT82LZYRWB7EPYT11","Tag documents","Given a document, choose one of its words to use as its tag, then assign the tag to a tag cluster.","easy, fast, documents, tags, clusters, words","$0.25","Tue Mar 02 09:19:12 GMT 2010","1","","3600","604800","Tue Mar 09 09:19:12 GMT 2010","73","","1QO402DAHNWEORT3Q5UNFB6BKXEF2I","A1KTJI6URSAQLA","Submitted","Tue Mar 02 10:23:25 GMT 2010","Tue Mar 02 10:25:54 GMT 2010","Tue Mar 09 10:25:54 GMT 2010","","","","149","48026","30683","","30683"
"1E9242ASF4BEPVH0VGZPEY38W01K3U","1JCENVJAZAXHIBT82LZYRWB7EPYT11","Tag documents","Given a document, choose one of its words to use as its tag, then assign the tag to a tag cluster.","easy, fast, documents, tags, clusters, words","$0.25","Tue Mar 02 09:19:12 GMT 2010","1","","3600","604800","Tue Mar 09 09:19:12 GMT 2010","10","","1EKME9NG2NTEUKPLBVP3DTWW2U56N2","A1KTJI6URSAQLA","Submitted","Tue Mar 02 11:48:02 GMT 2010","Tue Mar 02 11:50:15 GMT 2010","Tue Mar 09 11:50:15 GMT 2010","","","","133","59923","60914","","60914"
"11KJEBAL5PT1S2RJAL1C54LZ0TQYR7","1JCENVJAZAXHIBT82LZYRWB7EPYT11","Tag documents","Given a document, choose one of its words to use as its tag, then assign the tag to a tag cluster.","easy, fast, documents, tags, clusters, words","$0.25","Tue Mar 02 09:19:12 GMT 2010","1","","3600","604800","Tue Mar 09 09:19:12 GMT 2010","18","","1AXBMTH8X35UN4KMDWYSAWM1BL0IN8","A1KTJI6URSAQLA","Submitted","Tue Mar 02 11:40:28 GMT 2010","Tue Mar 02 11:42:34 GMT 2010","Tue Mar 09 11:42:34 GMT 2010","","","","126","82720","59282","","59282"
"1WW4EQ1VTRBXSJDM9LN6MEZ6RI9MCZ","1JCENVJAZAXHIBT82LZYRWB7EPYT11","Tag documents","Given a document, choose one of its words to use as its tag, then assign the tag to a tag cluster.","easy, fast, documents, tags, clusters, words","$0.25","Tue Mar 02 09:19:12 GMT 2010","1","","3600","604800","Tue Mar 09 09:19:12 GMT 2010","73","","10M8YBHVBDNJG936969M4SM5PQG0NQ","A1KTJI6URSAQLA","Submitted","Tue Mar 02 10:12:07 GMT 2010","Tue Mar 02 10:15:03 GMT 2010","Tue Mar 09 10:15:03 GMT 2010","","","","176","99615","58626","","58626"
"1I63WFLVGOYHZTXXK0GLXP75NPREKF","1JCENVJAZAXHIBT82LZYRWB7EPYT11","Tag documents","Given a document, choose one of its words to use as its tag, then assign the tag to a tag cluster.","easy, fast, documents, tags, clusters, words","$0.25","Tue Mar 02 09:19:12 GMT 2010","1","","3600","604800","Tue Mar 09 09:19:12 GMT 2010","45","","14FU8VNK7C98C24LZUA30E7WX4TM6G","AND9W51FV95KY","Submitted","Tue Mar 02 10:50:26 GMT 2010","Tue Mar 02 10:53:43 GMT 2010","Tue Mar 09 10:53:43 GMT 2010","","","","197","64605","75063","","75063"
"1LTLYRJWK9XK9VG7UZEE4SBAS9G3X2","1JCENVJAZAXHIBT82LZYRWB7EPYT11","Tag documents","Given a document, choose one of its words to use as its tag, then assign the tag to a tag cluster.","easy, fast, documents, tags, clusters, words","$0.25","Tue Mar 02 09:19:12 GMT 2010","1","","3600","604800","Tue Mar 09 09:19:12 GMT 2010","38","","1UWF0Y52BWAWP8F1O702MECWFIY54P","A1KTJI6URSAQLA","Submitted","Tue Mar 02 11:00:13 GMT 2010","Tue Mar 02 11:03:02 GMT 2010","Tue Mar 09 11:03:02 GMT 2010","","","","169","53943","6793","","6793"
"12GHVSSI4XBCS53Q90QSGAP5E555ZR","1JCENVJAZAXHIBT82LZYRWB7EPYT11","Tag documents","Given a document, choose one of its words to use as its tag, then assign the tag to a tag cluster.","easy, fast, documents, tags, clusters, words","$0.25","Tue Mar 02 09:19:13 GMT 2010","1","","3600","604800","Tue Mar 09 09:19:13 GMT 2010","65","","1IBIAAFC3OIUUUFZMR2MOTUH382383","AND9W51FV95KY","Submitted","Tue Mar 02 10:35:13 GMT 2010","Tue Mar 02 10:36:27 GMT 2010","Tue Mar 09 10:36:27 GMT 2010","","","","74","43841","11259","","11259"
"1LHMA95V7WU7XBJ09HIH6KHOCILMDZ","1JCENVJAZAXHIBT82LZYRWB7EPYT11","Tag documents","Given a document, choose one of its words to use as its tag, then assign the tag to a tag cluster.","easy, fast, documents, tags, clusters, words","$0.25","Tue Mar 02 09:19:13 GMT 2010","1","","3600","604800","Tue Mar 09 09:19:13 GMT 2010","43","","118NTL7H2RMPCQKK9STKMB9MI9OXBW","AND9W51FV95KY","Submitted","Tue Mar 02 10:53:44 GMT 2010","Tue Mar 02 10:57:25 GMT 2010","Tue Mar 09 10:57:25 GMT 2010","","","","221","48646","31587","","31587"
